other_allele.exposure	effect_allele.exposure	beta.exposure	se.exposure	eaf.exposure	SNP	id.exposure	pval.exposure	exposure	mr_keep.exposure	pval_origin.exposure	data_source.exposure	rsid	pval	id
G	A	-0.0128866	0.00169042	0.345475	rs72634814	UKB-b-8909	2.49976970217851e-14	exposure	TRUE	reported	textfile	rs72634814	2.49976970217851e-14	OviPut
A	G	0.00966112	0.00154844	0.457718	rs4908676	UKB-b-8909	4.39997288359989e-10	exposure	TRUE	reported	textfile	rs4908676	4.39997288359989e-10	OviPut
G	A	0.0103215	0.00162703	0.337854	rs1763839	UKB-b-8909	2.19998641983517e-10	exposure	TRUE	reported	textfile	rs1763839	2.19998641983517e-10	OviPut
A	G	0.0157919	0.00237893	0.119506	rs1318408	UKB-b-8909	3.19963176731835e-11	exposure	TRUE	reported	textfile	rs1318408	3.19963176731835e-11	OviPut
T	G	-0.0130789	0.00206635	0.833671	rs10799778	UKB-b-8909	2.49999995007974e-10	exposure	TRUE	reported	textfile	rs10799778	2.49999995007974e-10	OviPut
A	G	0.0158823	0.00259576	0.902017	rs2640465	UKB-b-8909	9.40004645744656e-10	exposure	TRUE	reported	textfile	rs2640465	9.40004645744656e-10	OviPut
G	A	0.0140143	0.00203896	0.172004	rs3766823	UKB-b-8909	6.29941180548559e-12	exposure	TRUE	reported	textfile	rs3766823	6.29941180548559e-12	OviPut
C	T	-0.0108576	0.00192322	0.199214	rs1284373	UKB-b-8909	1.60000006389793e-08	exposure	TRUE	reported	textfile	rs1284373	1.60000006389793e-08	OviPut
C	A	-0.00950812	0.00169742	0.290883	rs7535438	UKB-b-8909	2.10000341026661e-08	exposure	TRUE	reported	textfile	rs7535438	2.10000341026661e-08	OviPut
G	T	0.0117369	0.0015617	0.416215	rs2984618	UKB-b-8909	5.70033002218961e-14	exposure	TRUE	reported	textfile	rs2984618	5.70033002218961e-14	OviPut
A	G	-0.0136932	0.0016614	0.688566	rs6693294	UKB-b-8909	1.69980851320349e-16	exposure	TRUE	reported	textfile	rs6693294	1.69980851320349e-16	OviPut
G	A	-0.0139271	0.00155866	0.430286	rs1013293	UKB-b-8909	4.10015240506613e-19	exposure	TRUE	reported	textfile	rs1013293	4.10015240506613e-19	OviPut
G	C	0.010317	0.00154445	0.528878	rs11208779	UKB-b-8909	2.39993787680988e-11	exposure	TRUE	reported	textfile	rs11208779	2.39993787680988e-11	OviPut
T	C	0.0127665	0.0015529	0.531152	rs7531118	UKB-b-8909	1.99986186963274e-16	exposure	TRUE	reported	textfile	rs7531118	1.99986186963274e-16	OviPut
T	A	0.0236276	0.00236585	0.120747	rs71658797	UKB-b-8909	1.69980851320349e-23	exposure	TRUE	reported	textfile	rs71658797	1.69980851320349e-23	OviPut
C	T	0.0146762	0.00156269	0.590144	rs11165643	UKB-b-8909	5.90065196995668e-21	exposure	TRUE	reported	textfile	rs11165643	5.90065196995668e-21	OviPut
A	G	0.0134145	0.00184627	0.224584	rs12072739	UKB-b-8909	3.69998531172859e-13	exposure	TRUE	reported	textfile	rs12072739	3.69998531172859e-13	OviPut
T	C	0.0474389	0.00485686	0.025909	rs17024393	UKB-b-8909	1.5999263828686e-22	exposure	TRUE	reported	textfile	rs17024393	1.5999263828686e-22	OviPut
T	C	-0.0146759	0.00190484	0.20486	rs12724928	UKB-b-8909	1.2998702373886e-14	exposure	TRUE	reported	textfile	rs12724928	1.2998702373886e-14	OviPut
T	C	0.018328	0.00156672	0.406646	rs11205303	UKB-b-8909	1.29987023738861e-31	exposure	TRUE	reported	textfile	rs11205303	1.29987023738861e-31	OviPut
A	C	-0.0101759	0.00157772	0.392363	rs12402939	UKB-b-8909	1.09999319893519e-10	exposure	TRUE	reported	textfile	rs12402939	1.09999319893519e-10	OviPut
T	C	-0.0177569	0.00249206	0.106824	rs35154152	UKB-b-8909	1e-12	exposure	TRUE	reported	textfile	rs35154152	1e-12	OviPut
C	A	-0.0322259	0.00466633	0.02864	rs79518326	UKB-b-8909	5.00034534976978e-12	exposure	TRUE	reported	textfile	rs79518326	5.00034534976978e-12	OviPut
A	G	0.0301643	0.00190436	0.20527	rs543874	UKB-b-8909	1.69980851320351e-56	exposure	TRUE	reported	textfile	rs543874	1.69980851320351e-56	OviPut
T	C	-0.00909072	0.00154941	0.563216	rs815163	UKB-b-8909	4.39997288359989e-09	exposure	TRUE	reported	textfile	rs815163	4.39997288359989e-09	OviPut
A	G	-0.0119235	0.00188567	0.211863	rs67180261	UKB-b-8909	2.59997995670925e-10	exposure	TRUE	reported	textfile	rs67180261	2.59997995670925e-10	OviPut
T	G	0.0136291	0.00162387	0.340185	rs2678204	UKB-b-8909	4.70002318179801e-17	exposure	TRUE	reported	textfile	rs2678204	4.70002318179801e-17	OviPut
C	A	0.0105954	0.00156929	0.547302	rs2802774	UKB-b-8909	1.50003019045595e-11	exposure	TRUE	reported	textfile	rs2802774	1.50003019045595e-11	OviPut
G	T	-0.00896325	0.00163485	0.648406	rs1360278	UKB-b-8909	4.20000686246631e-08	exposure	TRUE	reported	textfile	rs1360278	4.20000686246631e-08	OviPut
A	T	0.0127442	0.00178122	0.748963	rs1377184	UKB-b-8909	8.4004006526377e-13	exposure	TRUE	reported	textfile	rs1377184	8.4004006526377e-13	OviPut
C	A	0.0210728	0.00168127	0.297382	rs2785988	UKB-b-8909	4.90004422793233e-36	exposure	TRUE	reported	textfile	rs2785988	4.90004422793233e-36	OviPut
T	G	-0.0101571	0.00157943	0.611689	rs11122450	UKB-b-8909	1.29998996537545e-10	exposure	TRUE	reported	textfile	rs11122450	1.29998996537545e-10	OviPut
A	G	-0.0145771	0.00220294	0.143917	rs12042959	UKB-b-8909	3.69998531172859e-11	exposure	TRUE	reported	textfile	rs12042959	3.69998531172859e-11	OviPut
C	T	0.0322372	0.00573378	0.018465	rs76856798	UKB-b-8909	1.89998424621473e-08	exposure	TRUE	reported	textfile	rs76856798	1.89998424621473e-08	OviPut
T	C	-0.0479135	0.00359643	0.048327	rs62107261	UKB-b-8909	1.69980851320351e-40	exposure	TRUE	reported	textfile	rs62107261	1.69980851320351e-40	OviPut
A	G	0.028139	0.00203811	0.828299	rs6744646	UKB-b-8909	2.2998525866862e-43	exposure	TRUE	reported	textfile	rs6744646	2.2998525866862e-43	OviPut
G	A	0.00961952	0.00175567	0.74098	rs13026103	UKB-b-8909	4.3000152915127e-08	exposure	TRUE	reported	textfile	rs13026103	4.3000152915127e-08	OviPut
T	C	-0.0152608	0.00274222	0.086	rs2702123	UKB-b-8909	2.59997995670925e-08	exposure	TRUE	reported	textfile	rs2702123	2.59997995670925e-08	OviPut
C	A	0.0224027	0.00153822	0.486256	rs6752378	UKB-b-8909	4.79954424931941e-48	exposure	TRUE	reported	textfile	rs6752378	4.79954424931941e-48	OviPut
G	A	-0.00988584	0.00154662	0.485685	rs12475388	UKB-b-8909	1.60000006389793e-10	exposure	TRUE	reported	textfile	rs12475388	1.60000006389793e-10	OviPut
A	G	0.0125399	0.00159364	0.368852	rs10175266	UKB-b-8909	3.59997927043357e-15	exposure	TRUE	reported	textfile	rs10175266	3.59997927043357e-15	OviPut
T	G	0.00998353	0.00161504	0.652153	rs2888778	UKB-b-8909	6.29999202947421e-10	exposure	TRUE	reported	textfile	rs2888778	6.29999202947421e-10	OviPut
A	G	-0.0150933	0.00190234	0.205602	rs1456014	UKB-b-8909	2.09990670376243e-15	exposure	TRUE	reported	textfile	rs1456014	2.09990670376243e-15	OviPut
G	A	-0.0163391	0.00274979	0.08686	rs58120873	UKB-b-8909	2.80001269243453e-09	exposure	TRUE	reported	textfile	rs58120873	2.80001269243453e-09	OviPut
A	T	-0.0105978	0.00183563	0.227697	rs4547574	UKB-b-8909	7.79991733536343e-09	exposure	TRUE	reported	textfile	rs4547574	7.79991733536343e-09	OviPut
C	T	-0.010248	0.00159844	0.363611	rs10187101	UKB-b-8909	1.40000633223953e-10	exposure	TRUE	reported	textfile	rs10187101	1.40000633223953e-10	OviPut
C	T	-0.0135852	0.0015523	0.555344	rs1861410	UKB-b-8909	2.09990670376242e-18	exposure	TRUE	reported	textfile	rs1861410	2.09990670376242e-18	OviPut
T	G	-0.0153971	0.00157743	0.603242	rs7575523	UKB-b-8909	1.69980851320349e-22	exposure	TRUE	reported	textfile	rs7575523	1.69980851320349e-22	OviPut
C	T	-0.0130723	0.0015614	0.411055	rs13408397	UKB-b-8909	5.70033002218961e-17	exposure	TRUE	reported	textfile	rs13408397	5.70033002218961e-17	OviPut
G	C	0.00909731	0.0016107	0.367194	rs2692741	UKB-b-8909	1.60000006389793e-08	exposure	TRUE	reported	textfile	rs2692741	1.60000006389793e-08	OviPut
T	C	-0.00986214	0.00170937	0.715662	rs396354	UKB-b-8909	8.00000023961727e-09	exposure	TRUE	reported	textfile	rs396354	8.00000023961727e-09	OviPut
C	T	-0.0144544	0.0015682	0.400829	rs12619178	UKB-b-8909	2.99985318119079e-20	exposure	TRUE	reported	textfile	rs12619178	2.99985318119079e-20	OviPut
A	G	0.0119298	0.00154217	0.486601	rs441792	UKB-b-8909	1e-14	exposure	TRUE	reported	textfile	rs441792	1e-14	OviPut
G	A	0.0126967	0.00230925	0.126972	rs6749911	UKB-b-8909	3.79996853036855e-08	exposure	TRUE	reported	textfile	rs6749911	3.79996853036855e-08	OviPut
T	G	-0.0115311	0.00158686	0.374905	rs10496731	UKB-b-8909	3.69998531172859e-13	exposure	TRUE	reported	textfile	rs10496731	3.69998531172859e-13	OviPut
T	G	0.00856437	0.00154317	0.471201	rs12053559	UKB-b-8909	2.90001336905407e-08	exposure	TRUE	reported	textfile	rs12053559	2.90001336905407e-08	OviPut
A	G	-0.0111228	0.00155872	0.576575	rs429343	UKB-b-8909	9.60063590945348e-13	exposure	TRUE	reported	textfile	rs429343	9.60063590945348e-13	OviPut
C	A	-0.00975461	0.00173683	0.267194	rs56328878	UKB-b-8909	2.0000000199681e-08	exposure	TRUE	reported	textfile	rs56328878	2.0000000199681e-08	OviPut
A	C	0.0101067	0.00173115	0.728035	rs764729	UKB-b-8909	5.30005040639665e-09	exposure	TRUE	reported	textfile	rs764729	5.30005040639665e-09	OviPut
T	C	-0.00924733	0.00156198	0.464382	rs10210468	UKB-b-8909	3.20000015974484e-09	exposure	TRUE	reported	textfile	rs10210468	3.20000015974484e-09	OviPut
C	T	0.0170899	0.00157313	0.392441	rs13389219	UKB-b-8909	1.69980851320349e-27	exposure	TRUE	reported	textfile	rs13389219	1.69980851320349e-27	OviPut
A	T	-0.0114802	0.00176393	0.255074	rs3754963	UKB-b-8909	7.59976214361038e-11	exposure	TRUE	reported	textfile	rs3754963	7.59976214361038e-11	OviPut
T	C	0.0085494	0.00156226	0.583694	rs7598246	UKB-b-8909	4.39997288359989e-08	exposure	TRUE	reported	textfile	rs7598246	4.39997288359989e-08	OviPut
T	C	-0.0138669	0.0019837	0.185499	rs72917533	UKB-b-8909	2.70022528688824e-12	exposure	TRUE	reported	textfile	rs72917533	2.70022528688824e-12	OviPut
G	A	0.0126532	0.00173398	0.273355	rs1453055	UKB-b-8909	2.90001336905407e-13	exposure	TRUE	reported	textfile	rs1453055	2.90001336905407e-13	OviPut
C	T	-0.0117765	0.00192871	0.201154	rs6750646	UKB-b-8909	1e-09	exposure	TRUE	reported	textfile	rs6750646	1e-09	OviPut
C	A	-0.0211076	0.00289361	0.923053	rs4482463	UKB-b-8909	2.99985318119079e-13	exposure	TRUE	reported	textfile	rs4482463	2.99985318119079e-13	OviPut
A	T	0.0103311	0.00171169	0.282417	rs3791709	UKB-b-8909	1.60000006389793e-09	exposure	TRUE	reported	textfile	rs3791709	1.60000006389793e-09	OviPut
C	T	-0.00932639	0.00161898	0.644629	rs6754292	UKB-b-8909	8.4000138087988e-09	exposure	TRUE	reported	textfile	rs6754292	8.4000138087988e-09	OviPut
C	T	-0.0155134	0.00163892	0.672855	rs2943653	UKB-b-8909	2.90001336905406e-21	exposure	TRUE	reported	textfile	rs2943653	2.90001336905406e-21	OviPut
C	T	0.0123638	0.0016188	0.342612	rs10209821	UKB-b-8909	2.19988510904925e-14	exposure	TRUE	reported	textfile	rs10209821	2.19988510904925e-14	OviPut
C	T	0.0151644	0.00165383	0.317033	rs62190394	UKB-b-8909	4.79954424931945e-20	exposure	TRUE	reported	textfile	rs62190394	4.79954424931945e-20	OviPut
C	G	-0.00912091	0.00162066	0.350731	rs2960420	UKB-b-8909	1.79998961724559e-08	exposure	TRUE	reported	textfile	rs2960420	1.79998961724559e-08	OviPut
C	G	0.0301151	0.0023675	0.119535	rs1801282	UKB-b-8909	4.60044666393475e-37	exposure	TRUE	reported	textfile	rs1801282	4.60044666393475e-37	OviPut
T	C	-0.0137367	0.00229121	0.130053	rs17016133	UKB-b-8909	2.00000001996811e-09	exposure	TRUE	reported	textfile	rs17016133	2.00000001996811e-09	OviPut
C	T	0.0110275	0.00189369	0.209783	rs11129660	UKB-b-8909	5.8000267960159e-09	exposure	TRUE	reported	textfile	rs11129660	5.8000267960159e-09	OviPut
A	G	0.0140939	0.00242625	0.886606	rs1799923	UKB-b-8909	6.29999202947421e-09	exposure	TRUE	reported	textfile	rs1799923	6.29999202947421e-09	OviPut
G	A	-0.0134993	0.00194516	0.805882	rs33503	UKB-b-8909	3.90031784475066e-12	exposure	TRUE	reported	textfile	rs33503	3.90031784475066e-12	OviPut
T	A	-0.0120222	0.00168776	0.703199	rs9865173	UKB-b-8909	1.10001852750622e-12	exposure	TRUE	reported	textfile	rs9865173	1.10001852750622e-12	OviPut
T	C	0.0167794	0.00154077	0.51154	rs9843653	UKB-b-8909	1.29987023738861e-27	exposure	TRUE	reported	textfile	rs9843653	1.29987023738861e-27	OviPut
G	A	-0.0143309	0.00216477	0.150071	rs17639996	UKB-b-8909	3.59997927043357e-11	exposure	TRUE	reported	textfile	rs17639996	3.59997927043357e-11	OviPut
C	T	-0.0161252	0.00262251	0.096558	rs12639116	UKB-b-8909	7.79991733536343e-10	exposure	TRUE	reported	textfile	rs12639116	7.79991733536343e-10	OviPut
G	C	0.0117998	0.00171613	0.277759	rs2371767	UKB-b-8909	6.20011864208725e-12	exposure	TRUE	reported	textfile	rs2371767	6.20011864208725e-12	OviPut
T	C	-0.0108516	0.0015618	0.434322	rs7630228	UKB-b-8909	3.69998531172859e-12	exposure	TRUE	reported	textfile	rs7630228	3.69998531172859e-12	OviPut
C	G	-0.0198865	0.00308056	0.067492	rs76345589	UKB-b-8909	1.09999319893519e-10	exposure	TRUE	reported	textfile	rs76345589	1.09999319893519e-10	OviPut
T	C	-0.0121841	0.00165127	0.322	rs3911063	UKB-b-8909	1.5999263828686e-13	exposure	TRUE	reported	textfile	rs3911063	1.5999263828686e-13	OviPut
A	C	0.0115052	0.00209731	0.839976	rs28672845	UKB-b-8909	4.09996359041765e-08	exposure	TRUE	reported	textfile	rs28672845	4.09996359041765e-08	OviPut
C	G	-0.0135392	0.00153973	0.51535	rs1454687	UKB-b-8909	1.50003019045595e-18	exposure	TRUE	reported	textfile	rs1454687	1.50003019045595e-18	OviPut
A	T	-0.0195859	0.00321452	0.069527	rs114295766	UKB-b-8909	1.09999319893519e-09	exposure	TRUE	reported	textfile	rs114295766	1.09999319893519e-09	OviPut
A	G	0.0107963	0.00156132	0.582718	rs1436348	UKB-b-8909	4.70002318179801e-12	exposure	TRUE	reported	textfile	rs1436348	4.70002318179801e-12	OviPut
T	C	0.00943178	0.0016694	0.30741	rs6799532	UKB-b-8909	1.60000006389793e-08	exposure	TRUE	reported	textfile	rs6799532	1.60000006389793e-08	OviPut
T	G	-0.0136044	0.00161607	0.355786	rs9814758	UKB-b-8909	3.80014352941585e-17	exposure	TRUE	reported	textfile	rs9814758	3.80014352941585e-17	OviPut
C	T	0.0138914	0.00171911	0.278023	rs957919	UKB-b-8909	6.40029512108372e-16	exposure	TRUE	reported	textfile	rs957919	6.40029512108372e-16	OviPut
T	C	0.0101409	0.0017582	0.740357	rs1471740	UKB-b-8909	8.00000023961727e-09	exposure	TRUE	reported	textfile	rs1471740	8.00000023961727e-09	OviPut
C	T	-0.0137926	0.00211992	0.156234	rs2291127	UKB-b-8909	7.70016444356872e-11	exposure	TRUE	reported	textfile	rs2291127	7.70016444356872e-11	OviPut
G	C	0.0123827	0.00158474	0.38912	rs9289630	UKB-b-8909	5.60015438761557e-15	exposure	TRUE	reported	textfile	rs9289630	5.60015438761557e-15	OviPut
G	C	0.0117289	0.00158106	0.594863	rs1568488	UKB-b-8909	1.20005182020427e-13	exposure	TRUE	reported	textfile	rs1568488	1.20005182020427e-13	OviPut
T	G	-0.0101838	0.00154798	0.560267	rs4320040	UKB-b-8909	4.70002318179801e-11	exposure	TRUE	reported	textfile	rs4320040	4.70002318179801e-11	OviPut
G	C	-0.0100803	0.00160438	0.40013	rs4894808	UKB-b-8909	3.29997006285228e-10	exposure	TRUE	reported	textfile	rs4894808	3.29997006285228e-10	OviPut
A	G	0.0106966	0.00154338	0.527782	rs529200	UKB-b-8909	4.19952334664066e-12	exposure	TRUE	reported	textfile	rs529200	4.19952334664066e-12	OviPut
G	A	-0.0108506	0.00190707	0.205187	rs13064797	UKB-b-8909	1.29998996537546e-08	exposure	TRUE	reported	textfile	rs13064797	1.29998996537546e-08	OviPut
G	A	-0.0102573	0.00159162	0.625978	rs262953	UKB-b-8909	1.19999655704811e-10	exposure	TRUE	reported	textfile	rs262953	1.19999655704811e-10	OviPut
C	G	-0.0144347	0.00223876	0.136931	rs75135487	UKB-b-8909	1.09999319893519e-10	exposure	TRUE	reported	textfile	rs75135487	1.09999319893519e-10	OviPut
C	G	-0.0101996	0.00155143	0.439266	rs6782581	UKB-b-8909	4.90004422793237e-11	exposure	TRUE	reported	textfile	rs6782581	4.90004422793237e-11	OviPut
G	A	-0.0126754	0.00202574	0.823217	rs4690324	UKB-b-8909	3.89995862874433e-10	exposure	TRUE	reported	textfile	rs4690324	3.89995862874433e-10	OviPut
A	G	0.0141172	0.00154567	0.465502	rs2192527	UKB-b-8909	6.59933234263567e-20	exposure	TRUE	reported	textfile	rs2192527	6.59933234263567e-20	OviPut
T	G	-0.0102974	0.00185568	0.223372	rs113503736	UKB-b-8909	2.90001336905407e-08	exposure	TRUE	reported	textfile	rs113503736	2.90001336905407e-08	OviPut
A	G	0.0089709	0.00163023	0.652245	rs7680610	UKB-b-8909	3.6999853117286e-08	exposure	TRUE	reported	textfile	rs7680610	3.6999853117286e-08	OviPut
A	C	-0.0152527	0.00204286	0.171839	rs73213501	UKB-b-8909	8.19973845457475e-14	exposure	TRUE	reported	textfile	rs73213501	8.19973845457475e-14	OviPut
A	G	0.0104262	0.00171657	0.281193	rs28651380	UKB-b-8909	1.19999655704811e-09	exposure	TRUE	reported	textfile	rs28651380	1.19999655704811e-09	OviPut
A	G	0.0201696	0.00155596	0.4343	rs10938397	UKB-b-8909	1.99986186963275e-38	exposure	TRUE	reported	textfile	rs10938397	1.99986186963275e-38	OviPut
C	T	-0.0107277	0.00174038	0.731962	rs3113509	UKB-b-8909	7.1000269957767e-10	exposure	TRUE	reported	textfile	rs3113509	7.1000269957767e-10	OviPut
T	C	0.0121284	0.00154596	0.464881	rs6840236	UKB-b-8909	4.30031233630544e-15	exposure	TRUE	reported	textfile	rs6840236	4.30031233630544e-15	OviPut
C	T	0.0213019	0.00307029	0.070778	rs58083390	UKB-b-8909	4.00036851046125e-12	exposure	TRUE	reported	textfile	rs58083390	4.00036851046125e-12	OviPut
T	A	0.0114801	0.00161317	0.356319	rs60661769	UKB-b-8909	1.10001852750622e-12	exposure	TRUE	reported	textfile	rs60661769	1.10001852750622e-12	OviPut
T	A	-0.0104169	0.00155088	0.45449	rs6843910	UKB-b-8909	1.90020300257723e-11	exposure	TRUE	reported	textfile	rs6843910	1.90020300257723e-11	OviPut
A	C	-0.0123522	0.00154228	0.470368	rs2276936	UKB-b-8909	1.20005182020427e-15	exposure	TRUE	reported	textfile	rs2276936	1.20005182020427e-15	OviPut
A	G	0.0103136	0.00159872	0.367474	rs34656389	UKB-b-8909	1.09999319893519e-10	exposure	TRUE	reported	textfile	rs34656389	1.09999319893519e-10	OviPut
T	C	0.0310059	0.00467505	0.972781	rs1229984	UKB-b-8909	3.29989407910834e-11	exposure	TRUE	reported	textfile	rs1229984	3.29989407910834e-11	OviPut
C	T	0.0323745	0.00292921	0.074871	rs13107325	UKB-b-8909	2.09990670376242e-28	exposure	TRUE	reported	textfile	rs13107325	2.09990670376242e-28	OviPut
T	C	-0.010008	0.00161101	0.642513	rs4398538	UKB-b-8909	5.19995996533515e-10	exposure	TRUE	reported	textfile	rs4398538	5.19995996533515e-10	OviPut
C	A	-0.0110497	0.0015726	0.586755	rs1724557	UKB-b-8909	2.09990670376243e-12	exposure	TRUE	reported	textfile	rs1724557	2.09990670376243e-12	OviPut
A	C	-0.0133302	0.00160952	0.3649	rs57800857	UKB-b-8909	1.20005182020427e-16	exposure	TRUE	reported	textfile	rs57800857	1.20005182020427e-16	OviPut
C	A	-0.021384	0.00368848	0.045775	rs1086103	UKB-b-8909	6.69992590760657e-09	exposure	TRUE	reported	textfile	rs1086103	6.69992590760657e-09	OviPut
T	G	0.0124473	0.00168847	0.295596	rs17820010	UKB-b-8909	1.69980851320349e-13	exposure	TRUE	reported	textfile	rs17820010	1.69980851320349e-13	OviPut
T	G	-0.0100728	0.00154583	0.495176	rs1991002	UKB-b-8909	7.1994612744084e-11	exposure	TRUE	reported	textfile	rs1991002	7.1994612744084e-11	OviPut
A	T	-0.0111835	0.00176815	0.746327	rs256904	UKB-b-8909	2.49999995007974e-10	exposure	TRUE	reported	textfile	rs256904	2.49999995007974e-10	OviPut
C	T	-0.0135582	0.00241631	0.114819	rs74288880	UKB-b-8909	2.0000000199681e-08	exposure	TRUE	reported	textfile	rs74288880	2.0000000199681e-08	OviPut
T	C	0.0113767	0.00154191	0.47999	rs1503526	UKB-b-8909	1.5999263828686e-13	exposure	TRUE	reported	textfile	rs1503526	1.5999263828686e-13	OviPut
C	T	-0.0103073	0.00164616	0.325382	rs10050620	UKB-b-8909	3.79996853036855e-10	exposure	TRUE	reported	textfile	rs10050620	3.79996853036855e-10	OviPut
T	C	-0.0171461	0.00157693	0.39509	rs2307111	UKB-b-8909	1.50003019045595e-27	exposure	TRUE	reported	textfile	rs2307111	1.50003019045595e-27	OviPut
G	A	-0.0102553	0.00178627	0.245982	rs252749	UKB-b-8909	9.40004645744656e-09	exposure	TRUE	reported	textfile	rs252749	9.40004645744656e-09	OviPut
T	C	-0.0308051	0.00388142	0.041248	rs34580448	UKB-b-8909	2.09990670376243e-15	exposure	TRUE	reported	textfile	rs34580448	2.09990670376243e-15	OviPut
C	G	-0.0128176	0.00188108	0.214136	rs7442885	UKB-b-8909	9.49948365876347e-12	exposure	TRUE	reported	textfile	rs7442885	9.49948365876347e-12	OviPut
C	A	0.0245244	0.00226433	0.13631	rs34483452	UKB-b-8909	2.49976970217851e-27	exposure	TRUE	reported	textfile	rs34483452	2.49976970217851e-27	OviPut
A	C	0.011204	0.00164464	0.670422	rs6875585	UKB-b-8909	9.60063590945348e-12	exposure	TRUE	reported	textfile	rs6875585	9.60063590945348e-12	OviPut
G	A	-0.010022	0.00155797	0.56802	rs21126	UKB-b-8909	1.29998996537545e-10	exposure	TRUE	reported	textfile	rs21126	1.29998996537545e-10	OviPut
T	C	-0.014887	0.00201352	0.179498	rs40071	UKB-b-8909	1.39990962656834e-13	exposure	TRUE	reported	textfile	rs40071	1.39990962656834e-13	OviPut
C	G	0.0101719	0.00155683	0.433417	rs7704382	UKB-b-8909	6.40029512108372e-11	exposure	TRUE	reported	textfile	rs7704382	6.40029512108372e-11	OviPut
C	G	0.00988966	0.00156805	0.472318	rs347551	UKB-b-8909	2.80001269243453e-10	exposure	TRUE	reported	textfile	rs347551	2.80001269243453e-10	OviPut
A	G	0.0128832	0.00218539	0.14814	rs13174863	UKB-b-8909	3.69998531172859e-09	exposure	TRUE	reported	textfile	rs13174863	3.69998531172859e-09	OviPut
G	T	0.0110461	0.00166011	0.319702	rs2190788	UKB-b-8909	2.90001336905407e-11	exposure	TRUE	reported	textfile	rs2190788	2.90001336905407e-11	OviPut
C	T	0.0107194	0.0016852	0.299121	rs12658319	UKB-b-8909	2.00000001996811e-10	exposure	TRUE	reported	textfile	rs12658319	2.00000001996811e-10	OviPut
C	T	0.0136415	0.0017496	0.265069	rs13436840	UKB-b-8909	6.29941180548559e-15	exposure	TRUE	reported	textfile	rs13436840	6.29941180548559e-15	OviPut
T	C	0.0133557	0.00173358	0.729218	rs812949	UKB-b-8909	1.2998702373886e-14	exposure	TRUE	reported	textfile	rs812949	1.2998702373886e-14	OviPut
C	G	-0.00895628	0.00159694	0.367972	rs10071339	UKB-b-8909	2.0000000199681e-08	exposure	TRUE	reported	textfile	rs10071339	2.0000000199681e-08	OviPut
G	A	-0.0110008	0.00200581	0.819313	rs13360957	UKB-b-8909	4.09996359041765e-08	exposure	TRUE	reported	textfile	rs13360957	4.09996359041765e-08	OviPut
C	A	0.00955622	0.00161789	0.594024	rs4959613	UKB-b-8909	3.50001576071014e-09	exposure	TRUE	reported	textfile	rs4959613	3.50001576071014e-09	OviPut
C	T	0.0089638	0.00164071	0.332339	rs3846949	UKB-b-8909	4.70002318179801e-08	exposure	TRUE	reported	textfile	rs3846949	4.70002318179801e-08	OviPut
A	T	-0.0120954	0.0016602	0.679093	rs2031109	UKB-b-8909	3.19963176731835e-13	exposure	TRUE	reported	textfile	rs2031109	3.19963176731835e-13	OviPut
C	A	-0.023505	0.00174566	0.264823	rs9379833	UKB-b-8909	2.49976970217851e-41	exposure	TRUE	reported	textfile	rs9379833	2.49976970217851e-41	OviPut
C	T	-0.0126841	0.00179473	0.243852	rs59137082	UKB-b-8909	1.5999263828686e-12	exposure	TRUE	reported	textfile	rs59137082	1.5999263828686e-12	OviPut
G	A	0.0259158	0.00221742	0.13976	rs2814993	UKB-b-8909	1.50003019045595e-31	exposure	TRUE	reported	textfile	rs2814993	1.50003019045595e-31	OviPut
C	T	0.0143846	0.0016329	0.334469	rs34045288	UKB-b-8909	1.29987023738861e-18	exposure	TRUE	reported	textfile	rs34045288	1.29987023738861e-18	OviPut
G	T	0.0221404	0.00204337	0.172194	rs72892910	UKB-b-8909	2.2998525866862e-27	exposure	TRUE	reported	textfile	rs72892910	2.2998525866862e-27	OviPut
C	A	0.0100294	0.00161777	0.650982	rs2499468	UKB-b-8909	5.69993627094142e-10	exposure	TRUE	reported	textfile	rs2499468	5.69993627094142e-10	OviPut
C	T	-0.0109353	0.00188165	0.213136	rs7773916	UKB-b-8909	6.19997588072324e-09	exposure	TRUE	reported	textfile	rs7773916	6.19997588072324e-09	OviPut
C	T	0.0126824	0.00214424	0.151703	rs62413414	UKB-b-8909	3.29997006285228e-09	exposure	TRUE	reported	textfile	rs62413414	3.29997006285228e-09	OviPut
C	T	-0.00933072	0.00162144	0.347629	rs9372414	UKB-b-8909	8.70001497192316e-09	exposure	TRUE	reported	textfile	rs9372414	8.70001497192316e-09	OviPut
C	A	-0.0161687	0.00154706	0.484388	rs1906252	UKB-b-8909	1.39990962656834e-25	exposure	TRUE	reported	textfile	rs1906252	1.39990962656834e-25	OviPut
T	G	-0.0138777	0.00190462	0.206332	rs6927268	UKB-b-8909	3.19963176731835e-13	exposure	TRUE	reported	textfile	rs6927268	3.19963176731835e-13	OviPut
G	A	0.0101717	0.00170183	0.709578	rs4947124	UKB-b-8909	2.3000114603619e-09	exposure	TRUE	reported	textfile	rs4947124	2.3000114603619e-09	OviPut
C	T	0.00925634	0.00168026	0.302316	rs12204724	UKB-b-8909	3.59997927043357e-08	exposure	TRUE	reported	textfile	rs12204724	3.59997927043357e-08	OviPut
G	T	0.0122048	0.00154046	0.505909	rs853961	UKB-b-8909	2.29985258668621e-15	exposure	TRUE	reported	textfile	rs853961	2.29985258668621e-15	OviPut
T	C	-0.00878837	0.0015975	0.369049	rs1597132	UKB-b-8909	3.79996853036855e-08	exposure	TRUE	reported	textfile	rs1597132	3.79996853036855e-08	OviPut
T	C	-0.0108699	0.0019277	0.1994	rs9321191	UKB-b-8909	1.70000422215637e-08	exposure	TRUE	reported	textfile	rs9321191	1.70000422215637e-08	OviPut
C	T	0.0198061	0.00346457	0.052433	rs9389857	UKB-b-8909	1.09999319893519e-08	exposure	TRUE	reported	textfile	rs9389857	1.09999319893519e-08	OviPut
T	C	-0.0117629	0.00202255	0.177033	rs72995085	UKB-b-8909	5.99998272533644e-09	exposure	TRUE	reported	textfile	rs72995085	5.99998272533644e-09	OviPut
A	G	0.00930584	0.00170461	0.285523	rs7762794	UKB-b-8909	4.79998632403909e-08	exposure	TRUE	reported	textfile	rs7762794	4.79998632403909e-08	OviPut
T	C	0.00934269	0.00167115	0.307185	rs4709745	UKB-b-8909	2.3000114603619e-08	exposure	TRUE	reported	textfile	rs4709745	2.3000114603619e-08	OviPut
C	T	-0.0140163	0.00215528	0.151196	rs55810445	UKB-b-8909	7.89950721335818e-11	exposure	TRUE	reported	textfile	rs55810445	7.89950721335818e-11	OviPut
C	A	-0.00992339	0.00174424	0.730794	rs798549	UKB-b-8909	1.29998996537546e-08	exposure	TRUE	reported	textfile	rs798549	1.29998996537546e-08	OviPut
C	T	0.0143436	0.00224286	0.13612	rs4722398	UKB-b-8909	1.60000006389793e-10	exposure	TRUE	reported	textfile	rs4722398	1.60000006389793e-10	OviPut
G	A	0.0113141	0.00203645	0.825769	rs7796825	UKB-b-8909	2.80001269243453e-08	exposure	TRUE	reported	textfile	rs7796825	2.80001269243453e-08	OviPut
A	G	-0.0139877	0.00189659	0.787159	rs10259620	UKB-b-8909	1.5999263828686e-13	exposure	TRUE	reported	textfile	rs10259620	1.5999263828686e-13	OviPut
G	A	-0.012096	0.00158845	0.611659	rs215669	UKB-b-8909	2.60015956316527e-14	exposure	TRUE	reported	textfile	rs215669	2.60015956316527e-14	OviPut
A	G	-0.0106396	0.00155409	0.462536	rs59514011	UKB-b-8909	7.59976214361039e-12	exposure	TRUE	reported	textfile	rs59514011	7.59976214361039e-12	OviPut
C	T	-0.010769	0.0015641	0.418942	rs17172722	UKB-b-8909	5.79962615819643e-12	exposure	TRUE	reported	textfile	rs17172722	5.79962615819643e-12	OviPut
G	A	-0.0105935	0.00177956	0.744356	rs6948959	UKB-b-8909	2.59997995670925e-09	exposure	TRUE	reported	textfile	rs6948959	2.59997995670925e-09	OviPut
G	T	0.0111105	0.00157055	0.413126	rs4718964	UKB-b-8909	1.50003019045595e-12	exposure	TRUE	reported	textfile	rs4718964	1.50003019045595e-12	OviPut
A	G	-0.0109846	0.00175319	0.261821	rs12538435	UKB-b-8909	3.69998531172859e-10	exposure	TRUE	reported	textfile	rs12538435	3.69998531172859e-10	OviPut
C	T	-0.0131217	0.00156604	0.419262	rs58862095	UKB-b-8909	5.30029448835795e-17	exposure	TRUE	reported	textfile	rs58862095	5.30029448835795e-17	OviPut
A	G	0.00928324	0.00157441	0.397021	rs6973656	UKB-b-8909	3.69998531172859e-09	exposure	TRUE	reported	textfile	rs6973656	3.69998531172859e-09	OviPut
T	G	0.00852919	0.00155109	0.500777	rs2192649	UKB-b-8909	3.79996853036855e-08	exposure	TRUE	reported	textfile	rs2192649	3.79996853036855e-08	OviPut
C	T	-0.0146575	0.00217921	0.147192	rs17704028	UKB-b-8909	1.69980851320349e-11	exposure	TRUE	reported	textfile	rs17704028	1.69980851320349e-11	OviPut
T	C	-0.0121202	0.00208123	0.165167	rs12333760	UKB-b-8909	5.8000267960159e-09	exposure	TRUE	reported	textfile	rs12333760	5.8000267960159e-09	OviPut
C	A	0.0102996	0.00156914	0.424277	rs12375196	UKB-b-8909	5.19995996533515e-11	exposure	TRUE	reported	textfile	rs12375196	5.19995996533515e-11	OviPut
G	A	0.00903742	0.00157156	0.401333	rs2470941	UKB-b-8909	8.89999986382574e-09	exposure	TRUE	reported	textfile	rs2470941	8.89999986382574e-09	OviPut
G	A	-0.0127186	0.00155559	0.563037	rs7789056	UKB-b-8909	2.90001336905407e-16	exposure	TRUE	reported	textfile	rs7789056	2.90001336905407e-16	OviPut
A	G	0.00941089	0.00168003	0.301754	rs12670456	UKB-b-8909	2.10000341026661e-08	exposure	TRUE	reported	textfile	rs12670456	2.10000341026661e-08	OviPut
A	G	-0.0143133	0.00154037	0.511944	rs972283	UKB-b-8909	1.50003019045595e-20	exposure	TRUE	reported	textfile	rs972283	1.50003019045595e-20	OviPut
G	A	-0.0118159	0.00164828	0.334244	rs6977416	UKB-b-8909	7.59976214361039e-13	exposure	TRUE	reported	textfile	rs6977416	7.59976214361039e-13	OviPut
G	C	0.00917484	0.00167492	0.685981	rs10245306	UKB-b-8909	4.3000152915127e-08	exposure	TRUE	reported	textfile	rs10245306	4.3000152915127e-08	OviPut
C	T	-0.0101175	0.00165029	0.675249	rs28714450	UKB-b-8909	8.70001497192316e-10	exposure	TRUE	reported	textfile	rs28714450	8.70001497192316e-10	OviPut
C	T	0.00986943	0.00170532	0.286141	rs1559900	UKB-b-8909	7.1000269957767e-09	exposure	TRUE	reported	textfile	rs1559900	7.1000269957767e-09	OviPut
A	G	0.0112967	0.00154993	0.459661	rs11786089	UKB-b-8909	3.10027344199819e-13	exposure	TRUE	reported	textfile	rs11786089	3.10027344199819e-13	OviPut
C	G	0.0172978	0.00261256	0.096175	rs117176448	UKB-b-8909	3.59997927043357e-11	exposure	TRUE	reported	textfile	rs117176448	3.59997927043357e-11	OviPut
A	C	-0.0113003	0.00155717	0.54884	rs1421334	UKB-b-8909	4.00036851046125e-13	exposure	TRUE	reported	textfile	rs1421334	4.00036851046125e-13	OviPut
G	A	-0.01632	0.00166697	0.685441	rs1808629	UKB-b-8909	1.20005182020427e-22	exposure	TRUE	reported	textfile	rs1808629	1.20005182020427e-22	OviPut
G	A	0.0103333	0.00170753	0.709746	rs1813039	UKB-b-8909	1.40000633223953e-09	exposure	TRUE	reported	textfile	rs1813039	1.40000633223953e-09	OviPut
G	A	0.0152146	0.00155645	0.564497	rs10100245	UKB-b-8909	1.39990962656834e-22	exposure	TRUE	reported	textfile	rs10100245	1.39990962656834e-22	OviPut
A	G	0.0088055	0.00154188	0.516044	rs7463186	UKB-b-8909	1.09999319893519e-08	exposure	TRUE	reported	textfile	rs7463186	1.09999319893519e-08	OviPut
C	T	0.0103657	0.00166877	0.688667	rs7843109	UKB-b-8909	5.19995996533515e-10	exposure	TRUE	reported	textfile	rs7843109	5.19995996533515e-10	OviPut
A	G	0.0173998	0.00171871	0.720188	rs4876611	UKB-b-8909	4.30031233630546e-24	exposure	TRUE	reported	textfile	rs4876611	4.30031233630546e-24	OviPut
G	A	0.00997781	0.00155638	0.562278	rs4466418	UKB-b-8909	1.40000633223953e-10	exposure	TRUE	reported	textfile	rs4466418	1.40000633223953e-10	OviPut
A	G	0.0124143	0.00167398	0.695224	rs2954033	UKB-b-8909	1.20005182020427e-13	exposure	TRUE	reported	textfile	rs2954033	1.20005182020427e-13	OviPut
G	T	0.0106691	0.00161125	0.383624	rs11782074	UKB-b-8909	3.59997927043357e-11	exposure	TRUE	reported	textfile	rs11782074	3.59997927043357e-11	OviPut
A	G	0.00919453	0.00155062	0.452645	rs6998660	UKB-b-8909	2.99999133271614e-09	exposure	TRUE	reported	textfile	rs6998660	2.99999133271614e-09	OviPut
T	C	-0.00911255	0.00158643	0.387368	rs10959841	UKB-b-8909	9.20004602515509e-09	exposure	TRUE	reported	textfile	rs10959841	9.20004602515509e-09	OviPut
A	C	-0.0200044	0.0015583	0.433725	rs13292699	UKB-b-8909	1e-37	exposure	TRUE	reported	textfile	rs13292699	1e-37	OviPut
C	A	-0.0219296	0.00320576	0.061826	rs10116857	UKB-b-8909	7.89950721335817e-12	exposure	TRUE	reported	textfile	rs10116857	7.89950721335817e-12	OviPut
C	T	-0.0140265	0.00160866	0.642437	rs10756798	UKB-b-8909	2.80027059501063e-18	exposure	TRUE	reported	textfile	rs10756798	2.80027059501063e-18	OviPut
C	T	0.0154638	0.00164622	0.322448	rs17770336	UKB-b-8909	5.79962615819643e-21	exposure	TRUE	reported	textfile	rs17770336	5.79962615819643e-21	OviPut
A	G	-0.0143754	0.00240082	0.11977	rs16916303	UKB-b-8909	2.10000341026661e-09	exposure	TRUE	reported	textfile	rs16916303	2.10000341026661e-09	OviPut
G	A	-0.0111522	0.00196791	0.190594	rs10867315	UKB-b-8909	1.49999565138204e-08	exposure	TRUE	reported	textfile	rs10867315	1.49999565138204e-08	OviPut
A	G	0.0116159	0.00154667	0.500129	rs7357754	UKB-b-8909	5.90065196995665e-14	exposure	TRUE	reported	textfile	rs7357754	5.90065196995665e-14	OviPut
T	C	-0.01076	0.00197355	0.188519	rs7849634	UKB-b-8909	4.99999995007974e-08	exposure	TRUE	reported	textfile	rs7849634	4.99999995007974e-08	OviPut
C	T	0.0102177	0.00154181	0.475818	rs3923501	UKB-b-8909	3.40016505804071e-11	exposure	TRUE	reported	textfile	rs3923501	3.40016505804071e-11	OviPut
C	G	0.0124051	0.00185992	0.220577	rs41307479	UKB-b-8909	2.60015956316527e-11	exposure	TRUE	reported	textfile	rs41307479	2.60015956316527e-11	OviPut
G	A	-0.0110309	0.00181676	0.237663	rs12376870	UKB-b-8909	1.29998996537545e-09	exposure	TRUE	reported	textfile	rs12376870	1.29998996537545e-09	OviPut
C	G	-0.00914252	0.00165304	0.678548	rs7046679	UKB-b-8909	3.20000015974484e-08	exposure	TRUE	reported	textfile	rs7046679	3.20000015974484e-08	OviPut
C	T	0.011578	0.0016271	0.652657	rs7027304	UKB-b-8909	1.10001852750622e-12	exposure	TRUE	reported	textfile	rs7027304	1.10001852750622e-12	OviPut
T	A	-0.0101722	0.00154703	0.517271	rs4837119	UKB-b-8909	4.90004422793237e-11	exposure	TRUE	reported	textfile	rs4837119	4.90004422793237e-11	OviPut
C	T	-0.0123455	0.00207928	0.164678	rs55924785	UKB-b-8909	2.90001336905407e-09	exposure	TRUE	reported	textfile	rs55924785	2.90001336905407e-09	OviPut
G	T	0.0100326	0.00163856	0.665915	rs7893571	UKB-b-8909	9.20004602515509e-10	exposure	TRUE	reported	textfile	rs7893571	9.20004602515509e-10	OviPut
A	G	0.0166039	0.00163819	0.331719	rs11012732	UKB-b-8909	3.80014352941585e-24	exposure	TRUE	reported	textfile	rs11012732	3.80014352941585e-24	OviPut
T	C	0.0128932	0.00215901	0.150341	rs16934748	UKB-b-8909	2.3000114603619e-09	exposure	TRUE	reported	textfile	rs16934748	2.3000114603619e-09	OviPut
C	T	-0.00950076	0.00165236	0.328001	rs7070670	UKB-b-8909	8.89999986382574e-09	exposure	TRUE	reported	textfile	rs7070670	8.89999986382574e-09	OviPut
C	T	0.016885	0.00175383	0.265521	rs10999460	UKB-b-8909	6.09958095872238e-22	exposure	TRUE	reported	textfile	rs10999460	6.09958095872238e-22	OviPut
C	T	0.0102433	0.00157002	0.409059	rs2002023	UKB-b-8909	6.79986045003322e-11	exposure	TRUE	reported	textfile	rs2002023	6.79986045003322e-11	OviPut
A	G	0.0112407	0.00175139	0.737461	rs2208947	UKB-b-8909	1.40000633223953e-10	exposure	TRUE	reported	textfile	rs2208947	1.40000633223953e-10	OviPut
G	C	0.0103873	0.00154427	0.499616	rs10788497	UKB-b-8909	1.69980851320349e-11	exposure	TRUE	reported	textfile	rs10788497	1.69980851320349e-11	OviPut
G	C	-0.0159065	0.00155477	0.435459	rs2274224	UKB-b-8909	1.39990962656834e-24	exposure	TRUE	reported	textfile	rs2274224	1.39990962656834e-24	OviPut
T	C	0.0092676	0.00164764	0.325766	rs482787	UKB-b-8909	1.89998424621473e-08	exposure	TRUE	reported	textfile	rs482787	1.89998424621473e-08	OviPut
C	A	-0.0201214	0.00257596	0.101004	rs41310284	UKB-b-8909	5.70033002218961e-15	exposure	TRUE	reported	textfile	rs41310284	5.70033002218961e-15	OviPut
C	T	0.0129238	0.00179232	0.24708	rs10510025	UKB-b-8909	5.60015438761557e-13	exposure	TRUE	reported	textfile	rs10510025	5.60015438761557e-13	OviPut
C	T	0.00937385	0.00156054	0.571137	rs11245344	UKB-b-8909	1.89998424621474e-09	exposure	TRUE	reported	textfile	rs11245344	1.89998424621474e-09	OviPut
T	C	0.0113458	0.00171702	0.283593	rs67609008	UKB-b-8909	3.90031784475066e-11	exposure	TRUE	reported	textfile	rs67609008	3.90031784475066e-11	OviPut
T	C	-0.0110832	0.00156255	0.578543	rs2172131	UKB-b-8909	1.29987e-12	exposure	TRUE	reported	textfile	rs2172131	1.29987e-12	OviPut
T	C	-0.0191979	0.00335242	0.943033	rs1881505	UKB-b-8909	1e-08	exposure	TRUE	reported	textfile	rs1881505	1e-08	OviPut
G	A	-0.0146358	0.00172806	0.275581	rs885114	UKB-b-8909	2.49977e-17	exposure	TRUE	reported	textfile	rs885114	2.49977e-17	OviPut
T	C	0.0116378	0.00154184	0.498199	rs2957678	UKB-b-8909	4.400479e-14	exposure	TRUE	reported	textfile	rs2957678	4.400479e-14	OviPut
T	C	0.0104895	0.0015625	0.58063	rs1481881	UKB-b-8909	1.900203e-11	exposure	TRUE	reported	textfile	rs1481881	1.900203e-11	OviPut
C	T	0.0132564	0.001761	0.739777	rs11030016	UKB-b-8909	5.19996e-14	exposure	TRUE	reported	textfile	rs11030016	5.19996e-14	OviPut
A	G	-0.0185028	0.00165098	0.679962	rs11030108	UKB-b-8909	3.800144e-29	exposure	TRUE	reported	textfile	rs11030108	3.800144e-29	OviPut
C	G	-0.00913519	0.00162015	0.655489	rs1782508	UKB-b-8909	1.700004e-08	exposure	TRUE	reported	textfile	rs1782508	1.700004e-08	OviPut
A	G	0.0170384	0.00167907	0.311468	rs59227842	UKB-b-8909	3.400165e-24	exposure	TRUE	reported	textfile	rs59227842	3.400165e-24	OviPut
T	G	0.0375397	0.00633223	0.015449	rs55707359	UKB-b-8909	3.099988e-09	exposure	TRUE	reported	textfile	rs55707359	3.099988e-09	OviPut
C	A	0.0222563	0.0015648	0.408419	rs7124681	UKB-b-8909	6.599332e-46	exposure	TRUE	reported	textfile	rs7124681	6.599332e-46	OviPut
A	G	-0.00954107	0.00161396	0.645411	rs685149	UKB-b-8909	3.400008e-09	exposure	TRUE	reported	textfile	rs685149	3.400008e-09	OviPut
T	C	0.0115223	0.00187372	0.217394	rs10896012	UKB-b-8909	7.799917e-10	exposure	TRUE	reported	textfile	rs10896012	7.799917e-10	OviPut
G	A	-0.0144775	0.00166392	0.332499	rs479018	UKB-b-8909	3.299894e-18	exposure	TRUE	reported	textfile	rs479018	3.299894e-18	OviPut
C	T	-0.0105396	0.00189331	0.217538	rs7942368	UKB-b-8909	2.59998e-08	exposure	TRUE	reported	textfile	rs7942368	2.59998e-08	OviPut
T	C	0.012868	0.00209075	0.837801	rs286511	UKB-b-8909	7.499978e-10	exposure	TRUE	reported	textfile	rs286511	7.499978e-10	OviPut
A	G	0.0118139	0.00177153	0.254879	rs61903695	UKB-b-8909	2.60016e-11	exposure	TRUE	reported	textfile	rs61903695	2.60016e-11	OviPut
A	G	0.00937803	0.00155792	0.569716	rs2508782	UKB-b-8909	1.700004e-09	exposure	TRUE	reported	textfile	rs2508782	1.700004e-09	OviPut
T	C	-0.0115343	0.0015826	0.6144	rs719802	UKB-b-8909	3.100273e-13	exposure	TRUE	reported	textfile	rs719802	3.100273e-13	OviPut
C	G	0.0206723	0.00333136	0.056932	rs12419272	UKB-b-8909	5.499966e-10	exposure	TRUE	reported	textfile	rs12419272	5.499966e-10	OviPut
G	C	-0.00989059	0.00154908	0.456088	rs657685	UKB-b-8909	1.700004e-10	exposure	TRUE	reported	textfile	rs657685	1.700004e-10	OviPut
C	T	0.0118153	0.00156853	0.409234	rs11222371	UKB-b-8909	5.000345e-14	exposure	TRUE	reported	textfile	rs11222371	5.000345e-14	OviPut
A	C	0.0111592	0.00156858	0.411245	rs7925725	UKB-b-8909	1.100019e-12	exposure	TRUE	reported	textfile	rs7925725	1.100019e-12	OviPut
C	T	-0.0142941	0.00208312	0.164197	rs61910767	UKB-b-8909	6.79986e-12	exposure	TRUE	reported	textfile	rs61910767	6.79986e-12	OviPut
A	G	0.00983786	0.00163453	0.338522	rs2108635	UKB-b-8909	1.79999e-09	exposure	TRUE	reported	textfile	rs2108635	1.79999e-09	OviPut
T	C	-0.0204973	0.002693	0.089728	rs74576293	UKB-b-8909	2.700225e-14	exposure	TRUE	reported	textfile	rs74576293	2.700225e-14	OviPut
C	G	-0.0153041	0.00266658	0.09222	rs11062595	UKB-b-8909	9.499921e-09	exposure	TRUE	reported	textfile	rs11062595	9.499921e-09	OviPut
A	G	0.00918558	0.00164856	0.326919	rs7960609	UKB-b-8909	2.5e-08	exposure	TRUE	reported	textfile	rs7960609	2.5e-08	OviPut
A	C	0.0128411	0.00223802	0.860003	rs10505836	UKB-b-8909	9.599973e-09	exposure	TRUE	reported	textfile	rs10505836	9.599973e-09	OviPut
A	G	-0.0113662	0.00186311	0.780444	rs4762951	UKB-b-8909	1.099993e-09	exposure	TRUE	reported	textfile	rs4762951	1.099993e-09	OviPut
A	G	0.00973719	0.00154554	0.480306	rs1350429	UKB-b-8909	2.999991e-10	exposure	TRUE	reported	textfile	rs1350429	2.999991e-10	OviPut
G	A	0.0197321	0.00158551	0.38447	rs7132908	UKB-b-8909	1.50003e-35	exposure	TRUE	reported	textfile	rs7132908	1.50003e-35	OviPut
C	T	0.0104428	0.00160707	0.362201	rs4759318	UKB-b-8909	8.100279e-11	exposure	TRUE	reported	textfile	rs4759318	8.100279e-11	OviPut
A	G	0.0115294	0.00188095	0.213862	rs7975187	UKB-b-8909	8.799946e-10	exposure	TRUE	reported	textfile	rs7975187	8.799946e-10	OviPut
C	T	0.0312346	0.00554241	0.019711	rs61754230	UKB-b-8909	1.700004e-08	exposure	TRUE	reported	textfile	rs61754230	1.700004e-08	OviPut
T	C	0.0136927	0.00154796	0.455038	rs704061	UKB-b-8909	9.099133e-19	exposure	TRUE	reported	textfile	rs704061	9.099133e-19	OviPut
G	A	-0.0101643	0.00160647	0.367542	rs11105842	UKB-b-8909	2.5e-10	exposure	TRUE	reported	textfile	rs11105842	2.5e-10	OviPut
G	A	-0.00981406	0.00177103	0.255023	rs7966251	UKB-b-8909	2.999991e-08	exposure	TRUE	reported	textfile	rs7966251	2.999991e-08	OviPut
A	C	0.0115537	0.00160056	0.366942	rs2111281	UKB-b-8909	5.300294e-13	exposure	TRUE	reported	textfile	rs2111281	5.300294e-13	OviPut
C	T	-0.0186517	0.00175335	0.261517	rs3764002	UKB-b-8909	1.999862e-26	exposure	TRUE	reported	textfile	rs3764002	1.999862e-26	OviPut
C	T	-0.0216364	0.00347856	0.051916	rs75412871	UKB-b-8909	5e-10	exposure	TRUE	reported	textfile	rs75412871	5e-10	OviPut
G	A	-0.0132887	0.00173423	0.272344	rs78296744	UKB-b-8909	1.800114e-14	exposure	TRUE	reported	textfile	rs78296744	1.800114e-14	OviPut
C	A	0.0167619	0.00175434	0.73765	rs7972728	UKB-b-8909	1.200052e-21	exposure	TRUE	reported	textfile	rs7972728	1.200052e-21	OviPut
G	A	0.0185779	0.00165616	0.319439	rs7133378	UKB-b-8909	3.299894e-29	exposure	TRUE	reported	textfile	rs7133378	3.299894e-29	OviPut
T	C	0.0146332	0.00219293	0.144968	rs11619393	UKB-b-8909	2.49977e-11	exposure	TRUE	reported	textfile	rs11619393	2.49977e-11	OviPut
T	C	-0.0108221	0.00168444	0.300933	rs11619722	UKB-b-8909	1.29999e-10	exposure	TRUE	reported	textfile	rs11619722	1.29999e-10	OviPut
C	T	0.0108188	0.00176585	0.7436	rs1928496	UKB-b-8909	8.999948e-10	exposure	TRUE	reported	textfile	rs1928496	8.999948e-10	OviPut
C	T	-0.0118589	0.00155668	0.44917	rs56399737	UKB-b-8909	2.60016e-14	exposure	TRUE	reported	textfile	rs56399737	2.60016e-14	OviPut
G	A	0.0193443	0.00231898	0.129188	rs9568867	UKB-b-8909	7.299616e-17	exposure	TRUE	reported	textfile	rs9568867	7.299616e-17	OviPut
G	A	-0.0138119	0.00193112	0.799871	rs7987928	UKB-b-8909	8.49963e-13	exposure	TRUE	reported	textfile	rs7987928	8.49963e-13	OviPut
T	A	-0.0117153	0.00179629	0.753684	rs6561937	UKB-b-8909	6.89922e-11	exposure	TRUE	reported	textfile	rs6561937	6.89922e-11	OviPut
C	T	-0.0123469	0.00200425	0.182952	rs17055384	UKB-b-8909	7.299952e-10	exposure	TRUE	reported	textfile	rs17055384	7.299952e-10	OviPut
G	A	0.0119959	0.00160493	0.59371	rs1441264	UKB-b-8909	7.800097e-14	exposure	TRUE	reported	textfile	rs1441264	7.800097e-14	OviPut
T	C	0.0127422	0.00173502	0.279026	rs61969510	UKB-b-8909	2.099907e-13	exposure	TRUE	reported	textfile	rs61969510	2.099907e-13	OviPut
T	C	-0.0139023	0.00241521	0.117876	rs76115890	UKB-b-8909	8.600031e-09	exposure	TRUE	reported	textfile	rs76115890	8.600031e-09	OviPut
A	G	-0.013993	0.00170162	0.289013	rs6491427	UKB-b-8909	1.999862e-16	exposure	TRUE	reported	textfile	rs6491427	1.999862e-16	OviPut
C	G	-0.0120426	0.00163641	0.648983	rs2243928	UKB-b-8909	1.900203e-13	exposure	TRUE	reported	textfile	rs2243928	1.900203e-13	OviPut
G	C	-0.0158356	0.00179488	0.24751	rs9788550	UKB-b-8909	1.100019e-18	exposure	TRUE	reported	textfile	rs9788550	1.100019e-18	OviPut
G	C	-0.0098795	0.00157228	0.591462	rs12435249	UKB-b-8909	3.29997e-10	exposure	TRUE	reported	textfile	rs12435249	3.29997e-10	OviPut
G	T	0.0126085	0.00155155	0.471197	rs17522122	UKB-b-8909	4.400479e-16	exposure	TRUE	reported	textfile	rs17522122	4.400479e-16	OviPut
A	G	0.0189406	0.00283307	0.082024	rs61986205	UKB-b-8909	2.299853e-11	exposure	TRUE	reported	textfile	rs61986205	2.299853e-11	OviPut
T	C	-0.052548	0.00748992	0.010721	rs72681698	UKB-b-8909	2.299853e-12	exposure	TRUE	reported	textfile	rs72681698	2.299853e-12	OviPut
A	G	0.00930927	0.00156135	0.551171	rs2481899	UKB-b-8909	2.5e-09	exposure	TRUE	reported	textfile	rs2481899	2.5e-09	OviPut
T	C	-0.0142041	0.00207301	0.167185	rs61975147	UKB-b-8909	7.299616e-12	exposure	TRUE	reported	textfile	rs61975147	7.299616e-12	OviPut
A	C	0.0129295	0.00173907	0.27173	rs217672	UKB-b-8909	1e-13	exposure	TRUE	reported	textfile	rs217672	1e-13	OviPut
T	G	0.0120832	0.00161524	0.362416	rs12890931	UKB-b-8909	7.39946e-14	exposure	TRUE	reported	textfile	rs12890931	7.39946e-14	OviPut
T	G	0.00996462	0.00154621	0.540113	rs12432026	UKB-b-8909	1.199997e-10	exposure	TRUE	reported	textfile	rs12432026	1.199997e-10	OviPut
A	G	0.018731	0.00185697	0.221871	rs10146997	UKB-b-8909	6.299412e-24	exposure	TRUE	reported	textfile	rs10146997	6.299412e-24	OviPut
T	C	-0.0153167	0.00203008	0.179917	rs72697297	UKB-b-8909	4.49987e-14	exposure	TRUE	reported	textfile	rs72697297	4.49987e-14	OviPut
G	A	0.0133993	0.00160775	0.636023	rs6575340	UKB-b-8909	7.800097e-17	exposure	TRUE	reported	textfile	rs6575340	7.800097e-17	OviPut
A	G	-0.0115932	0.00163624	0.666725	rs3803286	UKB-b-8909	1.39991e-12	exposure	TRUE	reported	textfile	rs3803286	1.39991e-12	OviPut
G	A	0.0114053	0.0017089	0.287112	rs12441543	UKB-b-8909	2.49977e-11	exposure	TRUE	reported	textfile	rs12441543	2.49977e-11	OviPut
A	T	0.0106498	0.00175622	0.261669	rs11852419	UKB-b-8909	1.29999e-09	exposure	TRUE	reported	textfile	rs11852419	1.29999e-09	OviPut
C	T	0.0209909	0.00297573	0.078721	rs113941571	UKB-b-8909	1.699809e-12	exposure	TRUE	reported	textfile	rs113941571	1.699809e-12	OviPut
A	G	0.0117936	0.00178131	0.253707	rs2165991	UKB-b-8909	3.599979e-11	exposure	TRUE	reported	textfile	rs2165991	3.599979e-11	OviPut
C	T	0.0100682	0.00154754	0.463063	rs28613758	UKB-b-8909	7.700164e-11	exposure	TRUE	reported	textfile	rs28613758	7.700164e-11	OviPut
C	T	-0.021134	0.00191016	0.205276	rs28742003	UKB-b-8909	1.900203e-28	exposure	TRUE	reported	textfile	rs28742003	1.900203e-28	OviPut
T	G	0.0133595	0.00155278	0.548783	rs2415142	UKB-b-8909	7.700164e-18	exposure	TRUE	reported	textfile	rs2415142	7.700164e-18	OviPut
C	T	-0.0103933	0.00174766	0.269414	rs11855853	UKB-b-8909	2.699977e-09	exposure	TRUE	reported	textfile	rs11855853	2.699977e-09	OviPut
G	C	-0.0127741	0.00231146	0.128655	rs149380583	UKB-b-8909	3.29997e-08	exposure	TRUE	reported	textfile	rs149380583	3.29997e-08	OviPut
C	T	0.0226029	0.00170655	0.711856	rs6602997	UKB-b-8909	4.799544e-40	exposure	TRUE	reported	textfile	rs6602997	4.799544e-40	OviPut
C	G	-0.0152755	0.00174905	0.265007	rs3817428	UKB-b-8909	2.49977e-18	exposure	TRUE	reported	textfile	rs3817428	2.49977e-18	OviPut
A	G	-0.012668	0.00193068	0.200131	rs72767957	UKB-b-8909	5.300294e-11	exposure	TRUE	reported	textfile	rs72767957	5.300294e-11	OviPut
G	A	-0.0163172	0.0024497	0.11145	rs72755233	UKB-b-8909	2.700225e-11	exposure	TRUE	reported	textfile	rs72755233	2.700225e-11	OviPut
G	C	-0.00918915	0.00161862	0.353546	rs12926311	UKB-b-8909	1.400006e-08	exposure	TRUE	reported	textfile	rs12926311	1.400006e-08	OviPut
C	T	0.014719	0.00158851	0.613285	rs879620	UKB-b-8909	1.900203e-20	exposure	TRUE	reported	textfile	rs879620	1.900203e-20	OviPut
T	G	0.0110602	0.00179199	0.246636	rs6500594	UKB-b-8909	6.699926e-10	exposure	TRUE	reported	textfile	rs6500594	6.699926e-10	OviPut
T	C	0.0108857	0.00160421	0.36485	rs2660241	UKB-b-8909	1.200052e-11	exposure	TRUE	reported	textfile	rs2660241	1.200052e-11	OviPut
T	G	0.00867343	0.00158474	0.561331	rs11343	UKB-b-8909	4.399973e-08	exposure	TRUE	reported	textfile	rs11343	4.399973e-08	OviPut
T	C	-0.014315	0.00220956	0.152464	rs7193901	UKB-b-8909	9.300365e-11	exposure	TRUE	reported	textfile	rs7193901	9.300365e-11	OviPut
A	G	0.0104802	0.00155885	0.569085	rs12103006	UKB-b-8909	1.800114e-11	exposure	TRUE	reported	textfile	rs12103006	1.800114e-11	OviPut
A	G	0.0232064	0.00157608	0.399562	rs7498665	UKB-b-8909	4.49987e-49	exposure	TRUE	reported	textfile	rs7498665	4.49987e-49	OviPut
G	T	-0.0147342	0.00159151	0.375396	rs881929	UKB-b-8909	2.099907e-20	exposure	TRUE	reported	textfile	rs881929	2.099907e-20	OviPut
T	G	-0.0156141	0.0027727	0.084979	rs72803260	UKB-b-8909	1.79999e-08	exposure	TRUE	reported	textfile	rs72803260	1.79999e-08	OviPut
A	G	0.041033	0.00157131	0.404646	rs56094641	UKB-b-8909	2.500345e-150	exposure	TRUE	reported	textfile	rs56094641	2.500345e-150	OviPut
A	C	-0.0158787	0.00158501	0.583787	rs11866219	UKB-b-8909	1.29987e-23	exposure	TRUE	reported	textfile	rs11866219	1.29987e-23	OviPut
C	T	0.0095458	0.00155694	0.537276	rs811054	UKB-b-8909	8.700015e-10	exposure	TRUE	reported	textfile	rs811054	8.700015e-10	OviPut
A	T	-0.00977478	0.00160607	0.362615	rs4500770	UKB-b-8909	1.199997e-09	exposure	TRUE	reported	textfile	rs4500770	1.199997e-09	OviPut
C	G	0.0101676	0.00165236	0.321575	rs7206608	UKB-b-8909	7.599937e-10	exposure	TRUE	reported	textfile	rs7206608	7.599937e-10	OviPut
A	G	-0.0111483	0.00189749	0.789007	rs2966859	UKB-b-8909	4.200007e-09	exposure	TRUE	reported	textfile	rs2966859	4.200007e-09	OviPut
G	C	-0.0103504	0.00156479	0.415256	rs3743861	UKB-b-8909	3.699985e-11	exposure	TRUE	reported	textfile	rs3743861	3.699985e-11	OviPut
C	T	-0.0208407	0.00214396	0.154504	rs4790841	UKB-b-8909	2.49977e-22	exposure	TRUE	reported	textfile	rs4790841	2.49977e-22	OviPut
T	A	0.0100634	0.00163774	0.333275	rs9892466	UKB-b-8909	8e-10	exposure	TRUE	reported	textfile	rs9892466	8e-10	OviPut
C	T	0.00915425	0.00154807	0.456883	rs3826408	UKB-b-8909	3.400008e-09	exposure	TRUE	reported	textfile	rs3826408	3.400008e-09	OviPut
G	A	0.0113474	0.00175799	0.265987	rs78744936	UKB-b-8909	1.099993e-10	exposure	TRUE	reported	textfile	rs78744936	1.099993e-10	OviPut
A	G	-0.0109061	0.00161091	0.626339	rs7216121	UKB-b-8909	1.29987e-11	exposure	TRUE	reported	textfile	rs7216121	1.29987e-11	OviPut
T	G	0.0125471	0.00154189	0.519335	rs1038088	UKB-b-8909	4.000369e-16	exposure	TRUE	reported	textfile	rs1038088	4.000369e-16	OviPut
T	C	0.00883995	0.00158047	0.60881	rs319775	UKB-b-8909	2.199986e-08	exposure	TRUE	reported	textfile	rs319775	2.199986e-08	OviPut
G	A	0.0153102	0.00181772	0.241541	rs2855818	UKB-b-8909	3.699985e-17	exposure	TRUE	reported	textfile	rs2855818	3.699985e-17	OviPut
T	G	0.0113269	0.00186038	0.226648	rs17698176	UKB-b-8909	1.099993e-09	exposure	TRUE	reported	textfile	rs17698176	1.099993e-09	OviPut
A	G	-0.00939906	0.00171423	0.282361	rs72827858	UKB-b-8909	4.200007e-08	exposure	TRUE	reported	textfile	rs72827858	4.200007e-08	OviPut
C	T	-0.0130416	0.00164632	0.328562	rs11079849	UKB-b-8909	2.299853e-15	exposure	TRUE	reported	textfile	rs11079849	2.299853e-15	OviPut
G	A	0.0110009	0.00164659	0.322077	rs2008018	UKB-b-8909	2.399938e-11	exposure	TRUE	reported	textfile	rs2008018	2.399938e-11	OviPut
T	C	0.0211077	0.00194282	0.197302	rs7218014	UKB-b-8909	1.699809e-27	exposure	TRUE	reported	textfile	rs7218014	1.699809e-27	OviPut
T	G	0.0119487	0.00190099	0.208834	rs2034946	UKB-b-8909	3.29997e-10	exposure	TRUE	reported	textfile	rs2034946	3.29997e-10	OviPut
A	G	-0.0126783	0.00166019	0.317696	rs11150745	UKB-b-8909	2.199885e-14	exposure	TRUE	reported	textfile	rs11150745	2.199885e-14	OviPut
G	A	-0.00942576	0.00168416	0.301501	rs10513935	UKB-b-8909	2.199986e-08	exposure	TRUE	reported	textfile	rs10513935	2.199986e-08	OviPut
C	T	0.0127569	0.00220651	0.144431	rs9955276	UKB-b-8909	7.399971e-09	exposure	TRUE	reported	textfile	rs9955276	7.399971e-09	OviPut
A	T	0.010994	0.00163476	0.373948	rs11664106	UKB-b-8909	1.800114e-11	exposure	TRUE	reported	textfile	rs11664106	1.800114e-11	OviPut
T	C	0.00961178	0.00155008	0.450716	rs1787013	UKB-b-8909	5.600025e-10	exposure	TRUE	reported	textfile	rs1787013	5.600025e-10	OviPut
A	G	-0.016282	0.0015462	0.494913	rs1788808	UKB-b-8909	6.299412e-26	exposure	TRUE	reported	textfile	rs1788808	6.299412e-26	OviPut
G	A	-0.00962166	0.0016001	0.375871	rs1945160	UKB-b-8909	1.79999e-09	exposure	TRUE	reported	textfile	rs1945160	1.79999e-09	OviPut
G	T	0.0107485	0.00169686	0.298122	rs8096564	UKB-b-8909	2.399993e-10	exposure	TRUE	reported	textfile	rs8096564	2.399993e-10	OviPut
A	T	-0.0137829	0.00163035	0.343189	rs59499656	UKB-b-8909	2.800271e-17	exposure	TRUE	reported	textfile	rs59499656	2.800271e-17	OviPut
C	G	0.00965173	0.00163558	0.659616	rs11664848	UKB-b-8909	3.599979e-09	exposure	TRUE	reported	textfile	rs11664848	3.599979e-09	OviPut
T	C	0.0254579	0.00182642	0.232676	rs6567160	UKB-b-8909	3.699985e-44	exposure	TRUE	reported	textfile	rs6567160	3.699985e-44	OviPut
T	C	-0.0252015	0.00279375	0.083836	rs57636386	UKB-b-8909	1.900203e-19	exposure	TRUE	reported	textfile	rs57636386	1.900203e-19	OviPut
G	A	-0.0171142	0.00198547	0.190192	rs72976986	UKB-b-8909	6.700389e-18	exposure	TRUE	reported	textfile	rs72976986	6.700389e-18	OviPut
C	T	-0.0249637	0.00423712	0.037191	rs62621197	UKB-b-8909	3.799969e-09	exposure	TRUE	reported	textfile	rs62621197	3.799969e-09	OviPut
T	C	-0.0177091	0.00160075	0.625293	rs11666808	UKB-b-8909	1.900203e-28	exposure	TRUE	reported	textfile	rs11666808	1.900203e-28	OviPut
C	T	-0.0126806	0.00174938	0.267624	rs12459965	UKB-b-8909	4.199523e-13	exposure	TRUE	reported	textfile	rs12459965	4.199523e-13	OviPut
A	G	-0.0143046	0.00157998	0.400183	rs4808844	UKB-b-8909	1.39991e-19	exposure	TRUE	reported	textfile	rs4808844	1.39991e-19	OviPut
G	A	0.0123462	0.00165332	0.32959	rs12462975	UKB-b-8909	8.199738e-14	exposure	TRUE	reported	textfile	rs12462975	8.199738e-14	OviPut
A	G	0.00878996	0.00154865	0.545742	rs1469084	UKB-b-8909	1.400006e-08	exposure	TRUE	reported	textfile	rs1469084	1.400006e-08	OviPut
C	T	-0.0163804	0.00156772	0.464327	rs33836	UKB-b-8909	1.50003e-25	exposure	TRUE	reported	textfile	rs33836	1.50003e-25	OviPut
T	C	-0.0215029	0.00213952	0.154044	rs429358	UKB-b-8909	9.200258e-24	exposure	TRUE	reported	textfile	rs429358	9.200258e-24	OviPut
T	A	-0.0232502	0.00194747	0.194436	rs10423928	UKB-b-8909	7.39946e-33	exposure	TRUE	reported	textfile	rs10423928	7.39946e-33	OviPut
T	A	0.0118765	0.00182093	0.763642	rs9304665	UKB-b-8909	6.89922e-11	exposure	TRUE	reported	textfile	rs9304665	6.89922e-11	OviPut
T	C	0.0140368	0.00231882	0.127757	rs16996657	UKB-b-8909	1.400006e-09	exposure	TRUE	reported	textfile	rs16996657	1.400006e-09	OviPut
G	A	0.0130676	0.00155587	0.437471	rs7020	UKB-b-8909	4.49987e-17	exposure	TRUE	reported	textfile	rs7020	4.49987e-17	OviPut
T	G	0.0194862	0.00316613	0.936414	rs843901	UKB-b-8909	7.499978e-10	exposure	TRUE	reported	textfile	rs843901	7.499978e-10	OviPut
T	C	-0.0147849	0.00232906	0.126684	rs6103254	UKB-b-8909	2.199986e-10	exposure	TRUE	reported	textfile	rs6103254	2.199986e-10	OviPut
C	T	-0.0128916	0.00188796	0.211814	rs56218501	UKB-b-8909	8.600031e-12	exposure	TRUE	reported	textfile	rs56218501	8.600031e-12	OviPut
G	A	-0.0164403	0.00215064	0.157829	rs112852122	UKB-b-8909	2.099907e-14	exposure	TRUE	reported	textfile	rs112852122	2.099907e-14	OviPut
T	A	-0.0130773	0.0016559	0.32177	rs6021948	UKB-b-8909	2.800271e-15	exposure	TRUE	reported	textfile	rs6021948	2.800271e-15	OviPut
T	C	-0.0105166	0.00185641	0.765465	rs6064113	UKB-b-8909	1.499996e-08	exposure	TRUE	reported	textfile	rs6064113	1.499996e-08	OviPut
T	C	0.0120757	0.0016495	0.675301	rs1056441	UKB-b-8909	2.49977e-13	exposure	TRUE	reported	textfile	rs1056441	2.49977e-13	OviPut
G	C	0.00875321	0.00155205	0.505368	rs1475860	UKB-b-8909	1.700004e-08	exposure	TRUE	reported	textfile	rs1475860	1.700004e-08	OviPut
A	G	-0.0127956	0.00208683	0.166049	rs62218301	UKB-b-8909	8.700015e-10	exposure	TRUE	reported	textfile	rs62218301	8.700015e-10	OviPut
C	T	-0.0180452	0.00314532	0.066803	rs17193211	UKB-b-8909	9.599973e-09	exposure	TRUE	reported	textfile	rs17193211	9.599973e-09	OviPut
T	C	0.0132675	0.00213178	0.157976	rs74618095	UKB-b-8909	4.900044e-10	exposure	TRUE	reported	textfile	rs74618095	4.900044e-10	OviPut
T	C	0.0123902	0.00155475	0.537747	rs394608	UKB-b-8909	1.599926e-15	exposure	TRUE	reported	textfile	rs394608	1.599926e-15	OviPut
A	G	0.0121586	0.00204591	0.171838	rs11538	UKB-b-8909	2.800013e-09	exposure	TRUE	reported	textfile	rs11538	2.800013e-09	OviPut
G	A	-0.00959714	0.00159107	0.617054	rs12628603	UKB-b-8909	1.6e-09	exposure	TRUE	reported	textfile	rs12628603	1.6e-09	OviPut
C	G	-0.0169383	0.00156868	0.580958	rs4820323	UKB-b-8909	3.500258e-27	exposure	TRUE	reported	textfile	rs4820323	3.500258e-27	OviPut
G	T	0.0104441	0.00155077	0.456784	rs10854853	UKB-b-8909	1.599926e-11	exposure	TRUE	reported	textfile	rs10854853	1.599926e-11	OviPut
